iter	claim	verdict	threat	resolution
1	C01: 5.64% is the quality of the PA-REINFORCE policy itself	fragile	See attributable counterexample/recomputation in iter directory	Attribute the arithmetic to the historical composite pipeline and internal reference table, not the standalone policy or a current literature record.
2	C02: The saved MK12 schedule substantiates makespan 508	refuted	See attributable counterexample/recomputation in iter directory	Saved schedule validates at 524; 508 remains unsupported by this artifact.
3	C03: MK13 416 is a new/current SOTA	fragile	See attributable counterexample/recomputation in iter directory	Retain legal makespan 416 and its difference from the stored reference; external novelty/rank is unverified.
4	C04: The implemented policy has one hidden layer and 321 parameters	refuted	See attributable counterexample/recomputation in iter directory	Current model has two hidden layers, 1377 parameters at width 32 and 4801 at width 64. Draft features and argmin rule also disagree with source.
5	C05: The archived evidence supports 5 seeds on all 15 instances and 375 comparable runs	fragile	See attributable counterexample/recomputation in iter directory	These explicit seed files cover 12 instances/60 runs; remaining runs need a unified manifest before asserting complete comparable coverage.
6	C06: SA is generally a negative-contribution method	fragile	See attributable counterexample/recomputation in iter directory	Observed historical endpoint regressions are descriptive, not a universal statement about SA; distinguish last endpoint from best-so-far and heterogeneous configurations.
7	C07: Tabu search only improves MK15	refuted	See attributable counterexample/recomputation in iter directory	The recorded tabu runs improve their own starts on MK10, MK15, and MK09; MK09 matches an already better aggregate result.
8	C08: 15/15 wins over L2I establish superiority over the published method	fragile	See attributable counterexample/recomputation in iter directory	Restrict to this local operator-selection baseline; current one-step reproducibility, initialization, multi-start search and budgets require repair/reconciliation; published-method fidelity has not been verified.
9	C09: Stage gains are ILS -12.1%, SA +6.1%, and final -7.2%	refuted	See attributable counterexample/recomputation in iter directory	The cited numbers are mean makespan-unit differences, not percentages; final drop is not attributable exclusively to tabu.
10	C10: BC+AC has a saved legal MK01 schedule with makespan 49	verified	See attributable counterexample/recomputation in iter directory	Scope to the saved schedule and historical run; new feature versions and multi-seed stability require separate checks.
11	C11: HGT fine-tuning is a proven dead end	fragile	See attributable counterexample/recomputation in iter directory	Report checkpoint reevaluations and their compatibility; a few configurations/checkpoints do not establish that the whole method family fails.
12	C12: BARI main table improves EF on 4/5 instances	refuted	See attributable counterexample/recomputation in iter directory	The local full-table artifact improves 3/5 instances; missing local artifacts cannot reproduce this count. Keep architectural generalization as a separate, still limited single-seed pilot observation.
13	C13: Current coupled_reassign can realize a profitable machine reassignment	refuted	See attributable counterexample/recomputation in iter directory	The moving operation remains in other_ops and is added again on the target machine; decoding fails and broad exception handling returns the unchanged assignment.
14	C14: The improvement-potential estimate is an upper bound on achievable reduction	refuted	See attributable counterexample/recomputation in iter directory	A legal alternative gains 9 while the estimate is 0; use heuristic-score wording until a valid bound is derived.
