instance,EF,RL_only,RL+ILS,RL+ILS+SA,final,lit,RL_drop_vs_EF,ILS_drop_vs_RL,SA_drop_vs_ILS,final_drop_vs_SA,final_gap_pct
mk01,57,43,42,42,42,40,14,1,0,0,5.0
mk02,62,28,28,28,28,26,34,0,0,0,7.69
mk03,331,216,204,204,204,204,115,12,0,0,0.0
mk04,91,79,73,75,73,60,12,6,-2,2,21.67
mk05,220,180,176,180,176,172,40,4,-4,4,2.33
mk06,79,69,68,69,68,58,10,1,-1,1,17.24
mk07,204,154,143,152,143,139,50,11,-9,9,2.88
mk08,618,533,523,523,523,523,85,10,0,0,0.0
mk09,433,339,332,339,332,307,94,7,-7,7,8.14
mk10,406,242,231,242,224,197,164,11,-11,18,13.71
mk11,706,639,619,632,619,615,67,20,-13,13,0.65
mk12,700,531,508,524,508,508,169,23,-16,16,0.0
mk13,622,464,416,416,416,430,158,48,0,0,-3.26
mk14,833,694,694,694,694,694,139,0,0,0,0.0
mk15,549,408,380,408,370,341,141,28,-28,38,8.5
