instance,earliest_finish,earliest_finish_time_s,spt,spt_time_s,lpt,lpt_time_s,mor,mor_time_s,lor,lor_time_s,shortest_start,shortest_start_time_s
mk01,57,0.006,113,0.006,178,0.004,73,0.007,119,0.006,55,0.006
mk02,62,0.009,89,0.006,180,0.006,46,0.013,93,0.011,55,0.011
mk03,331,0.023,538,0.019,1445,0.027,330,0.045,678,0.02,268,0.02
mk04,91,0.009,204,0.01,304,0.008,188,0.012,238,0.008,78,0.01
mk05,220,0.01,451,0.009,489,0.011,230,0.013,551,0.008,224,0.009
mk06,79,0.02,204,0.017,805,0.017,111,0.021,312,0.014,82,0.02
mk07,204,0.014,297,0.014,790,0.012,217,0.02,511,0.011,227,0.013
mk08,618,0.018,1633,0.025,2115,0.017,623,0.031,2036,0.018,601,0.022
mk09,433,0.029,1540,0.02,2010,0.029,534,0.054,1804,0.028,431,0.032
mk10,406,0.039,1176,0.03,1947,0.033,458,0.058,1474,0.029,375,0.036
mk11,706,0.024,1965,0.022,2041,0.019,905,0.028,2299,0.018,729,0.029
mk12,700,0.025,1839,0.022,1822,0.025,743,0.034,2142,0.02,599,0.026
mk13,622,0.056,1827,0.057,2668,0.07,944,0.094,2593,0.063,558,0.076
mk14,833,0.049,2887,0.053,3105,0.038,1128,0.054,3711,0.029,829,0.036
mk15,549,0.057,1979,0.038,2749,0.035,706,0.081,3225,0.041,485,0.055
