instance,EF,L2I_best,L2I_init,ours_final,lit,L2I_gap_pct,ours_gap_pct,ours_minus_L2I
mk01,57,60,129,42,40,50.0,5.0,-18
mk02,62,43,176,28,26,65.38,7.69,-15
mk03,331,257,1262,204,204,25.98,0.0,-53
mk04,91,88,345,73,60,46.67,21.67,-15
mk05,220,228,574,176,172,32.56,2.33,-52
mk06,79,142,636,68,58,144.83,17.24,-74
mk07,204,199,787,143,139,43.17,2.88,-56
mk08,618,673,2410,523,523,28.68,0.0,-150
mk09,433,580,2090,332,307,88.93,8.14,-248
mk10,406,454,2039,224,197,130.46,13.71,-230
mk11,706,795,2388,619,615,29.27,0.65,-176
mk12,700,689,2154,508,508,35.63,0.0,-181
mk13,622,773,3106,416,430,79.77,-3.26,-357
mk14,833,988,3708,694,694,42.36,0.0,-294
mk15,549,721,3596,370,341,111.44,8.5,-351
