instance,our_pipeline_time_s,ortools_cap_s,our_final,ortools_optimal,ortools_feasible,ortools_inferred
mk01,66.2,600,42,40,,40
mk02,149.8,600,28,,26,26
mk03,451.6,600,204,204,,204
mk04,136.99,600,73,60,,60
mk05,173.7,600,176,,172,172
mk06,1187.24,600,68,,58,58
mk07,708.44,600,143,,139,139
mk08,251.0,600,523,523,,523
mk09,1946.98,300,332,307,,307
mk10,3092.96,300,224,,197,197
mk11,266.87,600,619,,615,615
mk12,254.3,600,508,508,,508
mk13,693.49,300,416,,430,430
mk14,216.04,300,694,694,,694
mk15,3756.13,300,370,,341,341
